index,knot
0,0.0
1,0.0
2,0.0
3,0.0
4,0.9090909090909092
5,1.8181818181818183
6,2.727272727272727
7,3.6363636363636367
8,4.545454545454545
9,5.454545454545454
10,6.363636363636363
11,7.272727272727273
12,8.181818181818182
13,9.09090909090909
14,10.0
15,10.0
16,10.0
17,10.0
