index,weight
0,-0.13713991175255744
1,0.9980770889352998
2,0.921112866941232
3,0.5337466199601489
4,1.4220073272389648
5,-1.5224391991672241
6,-0.17618969172861745
7,-1.5260550015924077
8,0.34470715520881545
9,1.297811822460296
10,0.4856795680717637
11,1.771522087677958
12,-0.9380831063290115
13,-0.7009476169803271
